Feature,Importance
Interest Rate,0.014195795956528142
Credit Card Balance,0.018768007561380397
Credit Limit,0.019555500124008453
Account Age (Years),0.0240453651659229
Monthly_Installment,0.07193907399798138
Trust_Index,0.08413465028661758
Credit_Usage_Ratio,0.13200106081022983
Loan Amount,0.1486121960570845
Debt_Burden_Score,0.4867483500402468
